emp no,Education Field
STAFF-1,Life Sciences
STAFF-2,Life Sciences
STAFF-3,Other
STAFF-4,Life Sciences
STAFF-5,Medical
STAFF-6,Life Sciences
STAFF-7,Medical
STAFF-8,Life Sciences
STAFF-9,Life Sciences
STAFF-10,Medical
STAFF-11,Medical
STAFF-12,Life Sciences
STAFF-13,Life Sciences
STAFF-14,Medical
STAFF-15,Life Sciences
STAFF-16,Life Sciences
STAFF-17,Life Sciences
STAFF-18,Medical
STAFF-19,Life Sciences
STAFF-20,Life Sciences
STAFF-21,Other
STAFF-22,Life Sciences
STAFF-23,Life Sciences
STAFF-24,Life Sciences
STAFF-25,Medical
STAFF-26,Other
STAFF-27,Life Sciences
STAFF-28,Marketing
STAFF-29,Medical
STAFF-30,Marketing
STAFF-31,Medical
STAFF-32,Other
STAFF-33,Medical
STAFF-34,Technical Degree
STAFF-35,Medical
STAFF-36,Medical
STAFF-37,Marketing
STAFF-38,Marketing
STAFF-39,Life Sciences
STAFF-40,Life Sciences
STAFF-41,Other
STAFF-42,Life Sciences
STAFF-43,Life Sciences
STAFF-44,Life Sciences
STAFF-45,Medical
STAFF-46,Technical Degree
STAFF-47,Marketing
STAFF-48,Life Sciences
STAFF-49,Marketing
STAFF-50,Life Sciences
STAFF-51,Life Sciences
STAFF-52,Technical Degree
STAFF-53,Marketing
STAFF-54,Medical
STAFF-55,Marketing
STAFF-56,Life Sciences
STAFF-57,Life Sciences
STAFF-58,Medical
STAFF-59,Life Sciences
STAFF-60,Life Sciences
STAFF-61,Medical
STAFF-62,Life Sciences
STAFF-63,Medical
STAFF-64,Life Sciences
STAFF-65,Technical Degree
STAFF-66,Medical
STAFF-67,Life Sciences
STAFF-68,Life Sciences
STAFF-69,Medical
STAFF-70,Medical
STAFF-71,Life Sciences
STAFF-72,Life Sciences
STAFF-73,Medical
STAFF-74,Life Sciences
STAFF-75,Life Sciences
STAFF-76,Life Sciences
STAFF-77,Marketing
STAFF-78,Other
STAFF-79,Medical
STAFF-80,Medical
STAFF-81,Life Sciences
STAFF-82,Medical
STAFF-83,Life Sciences
STAFF-84,Medical
STAFF-85,Medical
STAFF-86,Life Sciences
STAFF-87,Technical Degree
STAFF-88,Life Sciences
STAFF-89,Life Sciences
STAFF-90,Medical
STAFF-91,Life Sciences
STAFF-92,Marketing
STAFF-93,Medical
STAFF-94,Medical
STAFF-95,Medical
STAFF-96,Technical Degree
STAFF-97,Other
STAFF-98,Medical
STAFF-99,Medical
STAFF-100,Medical
STAFF-101,Human Resources
STAFF-102,Life Sciences
STAFF-103,Life Sciences
STAFF-104,Other
STAFF-105,Life Sciences
STAFF-106,Human Resources
STAFF-107,Life Sciences
STAFF-108,Marketing
STAFF-109,Medical
STAFF-110,Medical
STAFF-111,Medical
STAFF-112,Life Sciences
STAFF-113,Human Resources
STAFF-114,Life Sciences
STAFF-115,Life Sciences
STAFF-116,Life Sciences
STAFF-117,Medical
STAFF-118,Technical Degree
STAFF-119,Life Sciences
STAFF-120,Life Sciences
STAFF-121,Life Sciences
STAFF-122,Marketing
STAFF-123,Life Sciences
STAFF-124,Life Sciences
STAFF-125,Life Sciences
STAFF-126,Other
STAFF-127,Medical
STAFF-128,Marketing
STAFF-129,Technical Degree
STAFF-130,Medical
STAFF-131,Medical
STAFF-132,Marketing
STAFF-133,Life Sciences
STAFF-134,Life Sciences
STAFF-135,Life Sciences
STAFF-136,Medical
STAFF-137,Life Sciences
STAFF-138,Life Sciences
STAFF-139,Life Sciences
STAFF-140,Human Resources
STAFF-141,Medical
STAFF-142,Medical
STAFF-143,Technical Degree
STAFF-144,Life Sciences
STAFF-145,Medical
STAFF-146,Technical Degree
STAFF-147,Medical
STAFF-148,Life Sciences
STAFF-149,Life Sciences
STAFF-150,Medical
STAFF-151,Medical
STAFF-152,Marketing
STAFF-153,Marketing
STAFF-154,Life Sciences
STAFF-155,Marketing
STAFF-156,Technical Degree
STAFF-157,Medical
STAFF-158,Medical
STAFF-159,Marketing
STAFF-160,Marketing
STAFF-161,Medical
STAFF-162,Medical
STAFF-163,Medical
STAFF-164,Life Sciences
STAFF-165,Medical
STAFF-166,Life Sciences
STAFF-167,Life Sciences
STAFF-168,Life Sciences
STAFF-169,Life Sciences
STAFF-170,Life Sciences
STAFF-171,Technical Degree
STAFF-172,Technical Degree
STAFF-173,Medical
STAFF-174,Medical
STAFF-175,Life Sciences
STAFF-176,Life Sciences
STAFF-177,Life Sciences
STAFF-178,Life Sciences
STAFF-179,Marketing
STAFF-180,Life Sciences
STAFF-181,Medical
STAFF-182,Medical
STAFF-183,Marketing
STAFF-184,Medical
STAFF-185,Medical
STAFF-186,Medical
STAFF-187,Medical
STAFF-188,Medical
STAFF-189,Life Sciences
STAFF-190,Medical
STAFF-191,Life Sciences
STAFF-192,Medical
STAFF-193,Life Sciences
STAFF-194,Medical
STAFF-195,Medical
STAFF-196,Life Sciences
STAFF-197,Medical
STAFF-198,Medical
STAFF-199,Life Sciences
STAFF-200,Technical Degree
STAFF-201,Technical Degree
STAFF-202,Life Sciences
STAFF-203,Medical
STAFF-204,Medical
STAFF-205,Medical
STAFF-206,Marketing
STAFF-207,Life Sciences
STAFF-208,Medical
STAFF-209,Life Sciences
STAFF-210,Medical
STAFF-211,Medical
STAFF-212,Life Sciences
STAFF-213,Life Sciences
STAFF-214,Life Sciences
STAFF-215,Technical Degree
STAFF-216,Life Sciences
STAFF-217,Marketing
STAFF-218,Technical Degree
STAFF-219,Medical
STAFF-220,Marketing
STAFF-221,Life Sciences
STAFF-222,Medical
STAFF-223,Other
STAFF-224,Life Sciences
STAFF-225,Medical
STAFF-226,Life Sciences
STAFF-227,Marketing
STAFF-228,Medical
STAFF-229,Marketing
STAFF-230,Medical
STAFF-231,Life Sciences
STAFF-232,Technical Degree
STAFF-233,Medical
STAFF-234,Medical
STAFF-235,Medical
STAFF-236,Marketing
STAFF-237,Life Sciences
STAFF-238,Life Sciences
STAFF-239,Life Sciences
STAFF-240,Life Sciences
STAFF-241,Medical
STAFF-242,Marketing
STAFF-243,Life Sciences
STAFF-244,Technical Degree
STAFF-245,Other
STAFF-246,Medical
STAFF-247,Life Sciences
STAFF-248,Life Sciences
STAFF-249,Medical
STAFF-250,Life Sciences
STAFF-251,Medical
STAFF-252,Technical Degree
STAFF-253,Life Sciences
STAFF-254,Life Sciences
STAFF-255,Marketing
STAFF-256,Life Sciences
STAFF-257,Medical
STAFF-258,Medical
STAFF-259,Life Sciences
STAFF-260,Medical
STAFF-261,Life Sciences
STAFF-262,Life Sciences
STAFF-263,Technical Degree
STAFF-264,Technical Degree
STAFF-265,Life Sciences
STAFF-266,Medical
STAFF-267,Medical
STAFF-268,Life Sciences
STAFF-269,Medical
STAFF-270,Life Sciences
STAFF-271,Medical
STAFF-272,Life Sciences
STAFF-273,Medical
STAFF-274,Medical
STAFF-275,Medical
STAFF-276,Medical
STAFF-277,Life Sciences
STAFF-278,Medical
STAFF-279,Life Sciences
STAFF-280,Life Sciences
STAFF-281,Medical
STAFF-282,Life Sciences
STAFF-283,Life Sciences
STAFF-284,Technical Degree
STAFF-285,Medical
STAFF-286,Life Sciences
STAFF-287,Life Sciences
STAFF-288,Life Sciences
STAFF-289,Medical
STAFF-290,Life Sciences
STAFF-291,Life Sciences
STAFF-292,Technical Degree
STAFF-293,Marketing
STAFF-294,Marketing
STAFF-295,Medical
STAFF-296,Marketing
STAFF-297,Life Sciences
STAFF-298,Marketing
STAFF-299,Life Sciences
STAFF-300,Medical
STAFF-301,Life Sciences
STAFF-302,Medical
STAFF-303,Medical
STAFF-304,Technical Degree
STAFF-305,Medical
STAFF-306,Life Sciences
STAFF-307,Life Sciences
STAFF-308,Life Sciences
STAFF-309,Life Sciences
STAFF-310,Technical Degree
STAFF-311,Human Resources
STAFF-312,Life Sciences
STAFF-313,Life Sciences
STAFF-314,Life Sciences
STAFF-315,Medical
STAFF-316,Life Sciences
STAFF-317,Technical Degree
STAFF-318,Medical
STAFF-319,Life Sciences
STAFF-320,Technical Degree
STAFF-321,Life Sciences
STAFF-322,Marketing
STAFF-323,Medical
STAFF-324,Medical
STAFF-325,Medical
STAFF-326,Life Sciences
STAFF-327,Medical
STAFF-328,Medical
STAFF-329,Marketing
STAFF-330,Life Sciences
STAFF-331,Life Sciences
STAFF-332,Marketing
STAFF-333,Life Sciences
STAFF-334,Life Sciences
STAFF-335,Other
STAFF-336,Medical
STAFF-337,Other
STAFF-338,Other
STAFF-339,Marketing
STAFF-340,Marketing
STAFF-341,Medical
STAFF-342,Life Sciences
STAFF-343,Medical
STAFF-344,Marketing
STAFF-345,Technical Degree
STAFF-346,Life Sciences
STAFF-347,Medical
STAFF-348,Medical
STAFF-349,Life Sciences
STAFF-350,Life Sciences
STAFF-351,Technical Degree
STAFF-352,Medical
STAFF-353,Medical
STAFF-354,Medical
STAFF-355,Technical Degree
STAFF-356,Life Sciences
STAFF-357,Other
STAFF-358,Technical Degree
STAFF-359,Medical
STAFF-360,Medical
STAFF-361,Medical
STAFF-362,Life Sciences
STAFF-363,Medical
STAFF-364,Marketing
STAFF-365,Medical
STAFF-366,Medical
STAFF-367,Marketing
STAFF-368,Technical Degree
STAFF-369,Marketing
STAFF-370,Life Sciences
STAFF-371,Life Sciences
STAFF-372,Life Sciences
STAFF-373,Life Sciences
STAFF-374,Medical
STAFF-375,Life Sciences
STAFF-376,Other
STAFF-377,Life Sciences
STAFF-378,Life Sciences
STAFF-379,Marketing
STAFF-380,Life Sciences
STAFF-381,Marketing
STAFF-382,Technical Degree
STAFF-383,Technical Degree
STAFF-384,Medical
STAFF-385,Medical
STAFF-386,Technical Degree
STAFF-387,Life Sciences
STAFF-388,Marketing
STAFF-389,Life Sciences
STAFF-390,Life Sciences
STAFF-391,Life Sciences
STAFF-392,Medical
STAFF-393,Medical
STAFF-394,Marketing
STAFF-395,Medical
STAFF-396,Medical
STAFF-397,Other
STAFF-398,Life Sciences
STAFF-399,Medical
STAFF-400,Life Sciences
STAFF-401,Life Sciences
STAFF-402,Life Sciences
STAFF-403,Technical Degree
STAFF-404,Marketing
STAFF-405,Medical
STAFF-406,Medical
STAFF-407,Medical
STAFF-408,Life Sciences
STAFF-409,Life Sciences
STAFF-410,Life Sciences
STAFF-411,Life Sciences
STAFF-412,Life Sciences
STAFF-413,Medical
STAFF-414,Technical Degree
STAFF-415,Technical Degree
STAFF-416,Marketing
STAFF-417,Life Sciences
STAFF-418,Life Sciences
STAFF-419,Life Sciences
STAFF-420,Life Sciences
STAFF-421,Medical
STAFF-422,Technical Degree
STAFF-423,Technical Degree
STAFF-424,Other
STAFF-425,Marketing
STAFF-426,Life Sciences
STAFF-427,Medical
STAFF-428,Marketing
STAFF-429,Medical
STAFF-430,Life Sciences
STAFF-431,Life Sciences
STAFF-432,Life Sciences
STAFF-433,Life Sciences
STAFF-434,Marketing
STAFF-435,Life Sciences
STAFF-436,Medical
STAFF-437,Medical
STAFF-438,Marketing
STAFF-439,Life Sciences
STAFF-440,Life Sciences
STAFF-441,Human Resources
STAFF-442,Other
STAFF-443,Medical
STAFF-444,Technical Degree
STAFF-445,Marketing
STAFF-446,Life Sciences
STAFF-447,Life Sciences
STAFF-448,Marketing
STAFF-449,Life Sciences
STAFF-450,Life Sciences
STAFF-451,Life Sciences
STAFF-452,Medical
STAFF-453,Other
STAFF-454,Life Sciences
STAFF-455,Technical Degree
STAFF-456,Medical
STAFF-457,Life Sciences
STAFF-458,Marketing
STAFF-459,Other
STAFF-460,Other
STAFF-461,Medical
STAFF-462,Medical
STAFF-463,Life Sciences
STAFF-464,Technical Degree
STAFF-465,Technical Degree
STAFF-466,Medical
STAFF-467,Life Sciences
STAFF-468,Medical
STAFF-469,Technical Degree
STAFF-470,Other
STAFF-471,Medical
STAFF-472,Medical
STAFF-473,Life Sciences
STAFF-474,Life Sciences
STAFF-475,Medical
STAFF-476,Marketing
STAFF-477,Other
STAFF-478,Medical
STAFF-479,Medical
STAFF-480,Life Sciences
STAFF-481,Life Sciences
STAFF-482,Life Sciences
STAFF-483,Medical
STAFF-484,Other
STAFF-485,Medical
STAFF-486,Medical
STAFF-487,Marketing
STAFF-488,Life Sciences
STAFF-489,Life Sciences
STAFF-490,Other
STAFF-491,Life Sciences
STAFF-492,Medical
STAFF-493,Life Sciences
STAFF-494,Life Sciences
STAFF-495,Technical Degree
STAFF-496,Marketing
STAFF-497,Technical Degree
STAFF-498,Other
STAFF-499,Medical
STAFF-500,Marketing
STAFF-501,Life Sciences
STAFF-502,Medical
STAFF-503,Medical
STAFF-504,Life Sciences
STAFF-505,Life Sciences
STAFF-506,Life Sciences
STAFF-507,Other
STAFF-508,Medical
STAFF-509,Life Sciences
STAFF-510,Life Sciences
STAFF-511,Medical
STAFF-512,Medical
STAFF-513,Medical
STAFF-514,Medical
STAFF-515,Life Sciences
STAFF-516,Life Sciences
STAFF-517,Medical
STAFF-518,Life Sciences
STAFF-519,Marketing
STAFF-520,Life Sciences
STAFF-521,Marketing
STAFF-522,Medical
STAFF-523,Life Sciences
STAFF-524,Medical
STAFF-525,Medical
STAFF-526,Life Sciences
STAFF-527,Technical Degree
STAFF-528,Marketing
STAFF-529,Technical Degree
STAFF-530,Life Sciences
STAFF-531,Life Sciences
STAFF-532,Life Sciences
STAFF-533,Marketing
STAFF-534,Life Sciences
STAFF-535,Life Sciences
STAFF-536,Human Resources
STAFF-537,Marketing
STAFF-538,Life Sciences
STAFF-539,Human Resources
STAFF-540,Marketing
STAFF-541,Life Sciences
STAFF-542,Life Sciences
STAFF-543,Life Sciences
STAFF-544,Medical
STAFF-545,Medical
STAFF-546,Marketing
STAFF-547,Life Sciences
STAFF-548,Medical
STAFF-549,Life Sciences
STAFF-550,Medical
STAFF-551,Medical
STAFF-552,Human Resources
STAFF-553,Medical
STAFF-554,Medical
STAFF-555,Medical
STAFF-556,Marketing
STAFF-557,Life Sciences
STAFF-558,Life Sciences
STAFF-559,Life Sciences
STAFF-560,Medical
STAFF-561,Life Sciences
STAFF-562,Marketing
STAFF-563,Other
STAFF-564,Medical
STAFF-565,Technical Degree
STAFF-566,Medical
STAFF-567,Life Sciences
STAFF-568,Other
STAFF-569,Medical
STAFF-570,Life Sciences
STAFF-571,Medical
STAFF-572,Life Sciences
STAFF-573,Medical
STAFF-574,Technical Degree
STAFF-575,Life Sciences
STAFF-576,Medical
STAFF-577,Marketing
STAFF-578,Life Sciences
STAFF-579,Life Sciences
STAFF-580,Medical
STAFF-581,Life Sciences
STAFF-582,Life Sciences
STAFF-583,Medical
STAFF-584,Life Sciences
STAFF-585,Life Sciences
STAFF-586,Life Sciences
STAFF-587,Life Sciences
STAFF-588,Life Sciences
STAFF-589,Medical
STAFF-590,Life Sciences
STAFF-591,Medical
STAFF-592,Marketing
STAFF-593,Other
STAFF-594,Other
STAFF-595,Life Sciences
STAFF-596,Life Sciences
STAFF-597,Life Sciences
STAFF-598,Life Sciences
STAFF-599,Medical
STAFF-600,Human Resources
STAFF-601,Life Sciences
STAFF-602,Medical
STAFF-603,Medical
STAFF-604,Life Sciences
STAFF-605,Life Sciences
STAFF-606,Life Sciences
STAFF-607,Life Sciences
STAFF-608,Marketing
STAFF-609,Medical
STAFF-610,Life Sciences
STAFF-611,Technical Degree
STAFF-612,Other
STAFF-613,Marketing
STAFF-614,Human Resources
STAFF-615,Medical
STAFF-616,Medical
STAFF-617,Marketing
STAFF-618,Medical
STAFF-619,Medical
STAFF-620,Medical
STAFF-621,Medical
STAFF-622,Life Sciences
STAFF-623,Life Sciences
STAFF-624,Life Sciences
STAFF-625,Marketing
STAFF-626,Marketing
STAFF-627,Medical
STAFF-628,Medical
STAFF-629,Marketing
STAFF-630,Medical
STAFF-631,Life Sciences
STAFF-632,Life Sciences
STAFF-633,Medical
STAFF-634,Life Sciences
STAFF-635,Other
STAFF-636,Life Sciences
STAFF-637,Life Sciences
STAFF-638,Life Sciences
STAFF-639,Marketing
STAFF-640,Technical Degree
STAFF-641,Life Sciences
STAFF-642,Life Sciences
STAFF-643,Marketing
STAFF-644,Life Sciences
STAFF-645,Life Sciences
STAFF-646,Medical
STAFF-647,Marketing
STAFF-648,Technical Degree
STAFF-649,Medical
STAFF-650,Life Sciences
STAFF-651,Life Sciences
STAFF-652,Marketing
STAFF-653,Medical
STAFF-654,Life Sciences
STAFF-655,Life Sciences
STAFF-656,Human Resources
STAFF-657,Life Sciences
STAFF-658,Medical
STAFF-659,Life Sciences
STAFF-660,Medical
STAFF-661,Life Sciences
STAFF-662,Life Sciences
STAFF-663,Medical
STAFF-664,Other
STAFF-665,Life Sciences
STAFF-666,Life Sciences
STAFF-667,Life Sciences
STAFF-668,Life Sciences
STAFF-669,Medical
STAFF-670,Medical
STAFF-671,Life Sciences
STAFF-672,Life Sciences
STAFF-673,Medical
STAFF-674,Other
STAFF-675,Technical Degree
STAFF-676,Life Sciences
STAFF-677,Life Sciences
STAFF-678,Other
STAFF-679,Medical
STAFF-680,Marketing
STAFF-681,Other
STAFF-682,Technical Degree
STAFF-683,Life Sciences
STAFF-684,Marketing
STAFF-685,Marketing
STAFF-686,Medical
STAFF-687,Medical
STAFF-688,Medical
STAFF-689,Other
STAFF-690,Technical Degree
STAFF-691,Medical
STAFF-692,Medical
STAFF-693,Medical
STAFF-694,Life Sciences
STAFF-695,Life Sciences
STAFF-696,Life Sciences
STAFF-697,Life Sciences
STAFF-698,Technical Degree
STAFF-699,Medical
STAFF-700,Life Sciences
STAFF-701,Technical Degree
STAFF-702,Medical
STAFF-703,Other
STAFF-704,Technical Degree
STAFF-705,Life Sciences
STAFF-706,Life Sciences
STAFF-707,Life Sciences
STAFF-708,Medical
STAFF-709,Technical Degree
STAFF-710,Medical
STAFF-711,Life Sciences
STAFF-712,Life Sciences
STAFF-713,Life Sciences
STAFF-714,Medical
STAFF-715,Medical
STAFF-716,Other
STAFF-717,Medical
STAFF-718,Technical Degree
STAFF-719,Life Sciences
STAFF-720,Life Sciences
STAFF-721,Life Sciences
STAFF-722,Life Sciences
STAFF-723,Medical
STAFF-724,Medical
STAFF-725,Medical
STAFF-726,Other
STAFF-727,Life Sciences
STAFF-728,Life Sciences
STAFF-729,Technical Degree
STAFF-730,Medical
STAFF-731,Life Sciences
STAFF-732,Medical
STAFF-733,Medical
STAFF-734,Medical
STAFF-735,Life Sciences
STAFF-736,Life Sciences
STAFF-737,Life Sciences
STAFF-738,Medical
STAFF-739,Life Sciences
STAFF-740,Life Sciences
STAFF-741,Other
STAFF-742,Marketing
STAFF-743,Life Sciences
STAFF-744,Life Sciences
STAFF-745,Medical
STAFF-746,Medical
STAFF-747,Life Sciences
STAFF-748,Life Sciences
STAFF-749,Medical
STAFF-750,Marketing
STAFF-751,Medical
STAFF-752,Life Sciences
STAFF-753,Life Sciences
STAFF-754,Medical
STAFF-755,Life Sciences
STAFF-756,Life Sciences
STAFF-757,Medical
STAFF-758,Marketing
STAFF-759,Technical Degree
STAFF-760,Medical
STAFF-761,Marketing
STAFF-762,Other
STAFF-763,Life Sciences
STAFF-764,Life Sciences
STAFF-765,Medical
STAFF-766,Other
STAFF-767,Medical
STAFF-768,Other
STAFF-769,Marketing
STAFF-770,Medical
STAFF-771,Medical
STAFF-772,Life Sciences
STAFF-773,Medical
STAFF-774,Medical
STAFF-775,Medical
STAFF-776,Medical
STAFF-777,Marketing
STAFF-778,Life Sciences
STAFF-779,Life Sciences
STAFF-780,Life Sciences
STAFF-781,Technical Degree
STAFF-782,Medical
STAFF-783,Other
STAFF-784,Technical Degree
STAFF-785,Life Sciences
STAFF-786,Technical Degree
STAFF-787,Life Sciences
STAFF-788,Life Sciences
STAFF-789,Other
STAFF-790,Medical
STAFF-791,Life Sciences
STAFF-792,Technical Degree
STAFF-793,Medical
STAFF-794,Life Sciences
STAFF-795,Life Sciences
STAFF-796,Life Sciences
STAFF-797,Technical Degree
STAFF-798,Medical
STAFF-799,Medical
STAFF-800,Medical
STAFF-801,Medical
STAFF-802,Other
STAFF-803,Life Sciences
STAFF-804,Life Sciences
STAFF-805,Medical
STAFF-806,Life Sciences
STAFF-807,Life Sciences
STAFF-808,Marketing
STAFF-809,Life Sciences
STAFF-810,Medical
STAFF-811,Marketing
STAFF-812,Marketing
STAFF-813,Life Sciences
STAFF-814,Life Sciences
STAFF-815,Medical
STAFF-816,Technical Degree
STAFF-817,Life Sciences
STAFF-818,Life Sciences
STAFF-819,Life Sciences
STAFF-820,Life Sciences
STAFF-821,Marketing
STAFF-822,Technical Degree
STAFF-823,Life Sciences
STAFF-824,Life Sciences
STAFF-825,Medical
STAFF-826,Medical
STAFF-827,Human Resources
STAFF-828,Life Sciences
STAFF-829,Medical
STAFF-830,Marketing
STAFF-831,Life Sciences
STAFF-832,Medical
STAFF-833,Medical
STAFF-834,Life Sciences
STAFF-835,Life Sciences
STAFF-836,Technical Degree
STAFF-837,Life Sciences
STAFF-838,Medical
STAFF-839,Life Sciences
STAFF-840,Marketing
STAFF-841,Medical
STAFF-842,Medical
STAFF-843,Life Sciences
STAFF-844,Medical
STAFF-845,Marketing
STAFF-846,Medical
STAFF-847,Life Sciences
STAFF-848,Medical
STAFF-849,Other
STAFF-850,Marketing
STAFF-851,Life Sciences
STAFF-852,Technical Degree
STAFF-853,Medical
STAFF-854,Life Sciences
STAFF-855,Medical
STAFF-856,Life Sciences
STAFF-857,Life Sciences
STAFF-858,Life Sciences
STAFF-859,Medical
STAFF-860,Life Sciences
STAFF-861,Life Sciences
STAFF-862,Marketing
STAFF-863,Life Sciences
STAFF-864,Human Resources
STAFF-865,Life Sciences
STAFF-866,Life Sciences
STAFF-867,Medical
STAFF-868,Medical
STAFF-869,Medical
STAFF-870,Life Sciences
STAFF-871,Life Sciences
STAFF-872,Life Sciences
STAFF-873,Medical
STAFF-874,Life Sciences
STAFF-875,Life Sciences
STAFF-876,Other
STAFF-877,Marketing
STAFF-878,Technical Degree
STAFF-879,Medical
STAFF-880,Marketing
STAFF-881,Other
STAFF-882,Life Sciences
STAFF-883,Technical Degree
STAFF-884,Medical
STAFF-885,Technical Degree
STAFF-886,Life Sciences
STAFF-887,Medical
STAFF-888,Medical
STAFF-889,Marketing
STAFF-890,Life Sciences
STAFF-891,Life Sciences
STAFF-892,Life Sciences
STAFF-893,Medical
STAFF-894,Life Sciences
STAFF-895,Life Sciences
STAFF-896,Medical
STAFF-897,Medical
STAFF-898,Life Sciences
STAFF-899,Life Sciences
STAFF-900,Medical
STAFF-901,Technical Degree
STAFF-902,Technical Degree
STAFF-903,Life Sciences
STAFF-904,Life Sciences
STAFF-905,Life Sciences
STAFF-906,Life Sciences
STAFF-907,Technical Degree
STAFF-908,Marketing
STAFF-909,Marketing
STAFF-910,Life Sciences
STAFF-911,Life Sciences
STAFF-912,Life Sciences
STAFF-913,Life Sciences
STAFF-914,Marketing
STAFF-915,Medical
STAFF-916,Life Sciences
STAFF-917,Marketing
STAFF-918,Marketing
STAFF-919,Life Sciences
STAFF-920,Medical
STAFF-921,Medical
STAFF-922,Medical
STAFF-923,Life Sciences
STAFF-924,Life Sciences
STAFF-925,Life Sciences
STAFF-926,Medical
STAFF-927,Marketing
STAFF-928,Life Sciences
STAFF-929,Medical
STAFF-930,Life Sciences
STAFF-931,Medical
STAFF-932,Medical
STAFF-933,Technical Degree
STAFF-934,Technical Degree
STAFF-935,Medical
STAFF-936,Medical
STAFF-937,Medical
STAFF-938,Medical
STAFF-939,Life Sciences
STAFF-940,Life Sciences
STAFF-941,Medical
STAFF-942,Technical Degree
STAFF-943,Technical Degree
STAFF-944,Life Sciences
STAFF-945,Life Sciences
STAFF-946,Life Sciences
STAFF-947,Marketing
STAFF-948,Life Sciences
STAFF-949,Medical
STAFF-950,Life Sciences
STAFF-951,Life Sciences
STAFF-952,Medical
STAFF-953,Life Sciences
STAFF-954,Life Sciences
STAFF-955,Life Sciences
STAFF-956,Medical
STAFF-957,Life Sciences
STAFF-958,Life Sciences
STAFF-959,Life Sciences
STAFF-960,Life Sciences
STAFF-961,Marketing
STAFF-962,Life Sciences
STAFF-963,Life Sciences
STAFF-964,Life Sciences
STAFF-965,Medical
STAFF-966,Medical
STAFF-967,Medical
STAFF-968,Life Sciences
STAFF-969,Marketing
STAFF-970,Life Sciences
STAFF-971,Medical
STAFF-972,Technical Degree
STAFF-973,Life Sciences
STAFF-974,Medical
STAFF-975,Life Sciences
STAFF-976,Marketing
STAFF-977,Life Sciences
STAFF-978,Technical Degree
STAFF-979,Medical
STAFF-980,Medical
STAFF-981,Life Sciences
STAFF-982,Marketing
STAFF-983,Life Sciences
STAFF-984,Technical Degree
STAFF-985,Life Sciences
STAFF-986,Medical
STAFF-987,Life Sciences
STAFF-988,Marketing
STAFF-989,Life Sciences
STAFF-990,Life Sciences
STAFF-991,Life Sciences
STAFF-992,Marketing
STAFF-993,Life Sciences
STAFF-994,Life Sciences
STAFF-995,Medical
STAFF-996,Medical
STAFF-997,Marketing
STAFF-998,Life Sciences
STAFF-999,Medical
STAFF-1000,Human Resources
STAFF-1001,Medical
STAFF-1002,Medical
STAFF-1003,Life Sciences
STAFF-1004,Medical
STAFF-1005,Medical
STAFF-1006,Life Sciences
STAFF-1007,Life Sciences
STAFF-1008,Marketing
STAFF-1009,Medical
STAFF-1010,Life Sciences
STAFF-1011,Medical
STAFF-1012,Life Sciences
STAFF-1013,Technical Degree
STAFF-1014,Life Sciences
STAFF-1015,Medical
STAFF-1016,Medical
STAFF-1017,Technical Degree
STAFF-1018,Marketing
STAFF-1019,Marketing
STAFF-1020,Human Resources
STAFF-1021,Life Sciences
STAFF-1022,Medical
STAFF-1023,Medical
STAFF-1024,Life Sciences
STAFF-1025,Life Sciences
STAFF-1026,Technical Degree
STAFF-1027,Life Sciences
STAFF-1028,Other
STAFF-1029,Life Sciences
STAFF-1030,Medical
STAFF-1031,Medical
STAFF-1032,Technical Degree
STAFF-1033,Life Sciences
STAFF-1034,Medical
STAFF-1035,Other
STAFF-1036,Medical
STAFF-1037,Medical
STAFF-1038,Other
STAFF-1039,Life Sciences
STAFF-1040,Life Sciences
STAFF-1041,Life Sciences
STAFF-1042,Other
STAFF-1043,Life Sciences
STAFF-1044,Life Sciences
STAFF-1045,Other
STAFF-1046,Medical
STAFF-1047,Medical
STAFF-1048,Medical
STAFF-1049,Life Sciences
STAFF-1050,Other
STAFF-1051,Life Sciences
STAFF-1052,Medical
STAFF-1053,Life Sciences
STAFF-1054,Life Sciences
STAFF-1055,Other
STAFF-1056,Medical
STAFF-1057,Life Sciences
STAFF-1058,Medical
STAFF-1059,Medical
STAFF-1060,Life Sciences
STAFF-1061,Life Sciences
STAFF-1062,Life Sciences
STAFF-1063,Medical
STAFF-1064,Medical
STAFF-1065,Medical
STAFF-1066,Life Sciences
STAFF-1067,Technical Degree
STAFF-1068,Medical
STAFF-1069,Technical Degree
STAFF-1070,Life Sciences
STAFF-1071,Marketing
STAFF-1072,Life Sciences
STAFF-1073,Life Sciences
STAFF-1074,Marketing
STAFF-1075,Marketing
STAFF-1076,Marketing
STAFF-1077,Medical
STAFF-1078,Life Sciences
STAFF-1079,Marketing
STAFF-1080,Life Sciences
STAFF-1081,Marketing
STAFF-1082,Medical
STAFF-1083,Life Sciences
STAFF-1084,Marketing
STAFF-1085,Marketing
STAFF-1086,Medical
STAFF-1087,Life Sciences
STAFF-1088,Life Sciences
STAFF-1089,Medical
STAFF-1090,Life Sciences
STAFF-1091,Life Sciences
STAFF-1092,Other
STAFF-1093,Life Sciences
STAFF-1094,Marketing
STAFF-1095,Life Sciences
STAFF-1096,Human Resources
STAFF-1097,Human Resources
STAFF-1098,Medical
STAFF-1099,Medical
STAFF-1100,Technical Degree
STAFF-1101,Other
STAFF-1102,Technical Degree
STAFF-1103,Medical
STAFF-1104,Technical Degree
STAFF-1105,Technical Degree
STAFF-1106,Life Sciences
STAFF-1107,Medical
STAFF-1108,Technical Degree
STAFF-1109,Life Sciences
STAFF-1110,Medical
STAFF-1111,Technical Degree
STAFF-1112,Life Sciences
STAFF-1113,Life Sciences
STAFF-1114,Life Sciences
STAFF-1115,Marketing
STAFF-1116,Marketing
STAFF-1117,Life Sciences
STAFF-1118,Human Resources
STAFF-1119,Medical
STAFF-1120,Life Sciences
STAFF-1121,Life Sciences
STAFF-1122,Medical
STAFF-1123,Other
STAFF-1124,Life Sciences
STAFF-1125,Life Sciences
STAFF-1126,Medical
STAFF-1127,Life Sciences
STAFF-1128,Life Sciences
STAFF-1129,Other
STAFF-1130,Medical
STAFF-1131,Technical Degree
STAFF-1132,Life Sciences
STAFF-1133,Medical
STAFF-1134,Life Sciences
STAFF-1135,Medical
STAFF-1136,Life Sciences
STAFF-1137,Medical
STAFF-1138,Medical
STAFF-1139,Medical
STAFF-1140,Life Sciences
STAFF-1141,Other
STAFF-1142,Marketing
STAFF-1143,Other
STAFF-1144,Medical
STAFF-1145,Other
STAFF-1146,Life Sciences
STAFF-1147,Technical Degree
STAFF-1148,Life Sciences
STAFF-1149,Life Sciences
STAFF-1150,Life Sciences
STAFF-1151,Medical
STAFF-1152,Medical
STAFF-1153,Life Sciences
STAFF-1154,Technical Degree
STAFF-1155,Life Sciences
STAFF-1156,Medical
STAFF-1157,Life Sciences
STAFF-1158,Life Sciences
STAFF-1159,Other
STAFF-1160,Medical
STAFF-1161,Technical Degree
STAFF-1162,Medical
STAFF-1163,Technical Degree
STAFF-1164,Other
STAFF-1165,Life Sciences
STAFF-1166,Medical
STAFF-1167,Life Sciences
STAFF-1168,Life Sciences
STAFF-1169,Medical
STAFF-1170,Medical
STAFF-1171,Life Sciences
STAFF-1172,Medical
STAFF-1173,Life Sciences
STAFF-1174,Technical Degree
STAFF-1175,Life Sciences
STAFF-1176,Technical Degree
STAFF-1177,Technical Degree
STAFF-1178,Medical
STAFF-1179,Medical
STAFF-1180,Medical
STAFF-1181,Technical Degree
STAFF-1182,Life Sciences
STAFF-1183,Life Sciences
STAFF-1184,Life Sciences
STAFF-1185,Life Sciences
STAFF-1186,Medical
STAFF-1187,Life Sciences
STAFF-1188,Medical
STAFF-1189,Life Sciences
STAFF-1190,Life Sciences
STAFF-1191,Medical
STAFF-1192,Medical
STAFF-1193,Life Sciences
STAFF-1194,Life Sciences
STAFF-1195,Life Sciences
STAFF-1196,Technical Degree
STAFF-1197,Life Sciences
STAFF-1198,Life Sciences
STAFF-1199,Medical
STAFF-1200,Life Sciences
STAFF-1201,Life Sciences
STAFF-1202,Life Sciences
STAFF-1203,Medical
STAFF-1204,Medical
STAFF-1205,Medical
STAFF-1206,Life Sciences
STAFF-1207,Medical
STAFF-1208,Life Sciences
STAFF-1209,Life Sciences
STAFF-1210,Life Sciences
STAFF-1211,Medical
STAFF-1212,Life Sciences
STAFF-1213,Life Sciences
STAFF-1214,Medical
STAFF-1215,Life Sciences
STAFF-1216,Life Sciences
STAFF-1217,Medical
STAFF-1218,Life Sciences
STAFF-1219,Life Sciences
STAFF-1220,Medical
STAFF-1221,Other
STAFF-1222,Medical
STAFF-1223,Life Sciences
STAFF-1224,Life Sciences
STAFF-1225,Technical Degree
STAFF-1226,Life Sciences
STAFF-1227,Life Sciences
STAFF-1228,Life Sciences
STAFF-1229,Other
STAFF-1230,Medical
STAFF-1231,Life Sciences
STAFF-1232,Marketing
STAFF-1233,Life Sciences
STAFF-1234,Medical
STAFF-1235,Life Sciences
STAFF-1236,Medical
STAFF-1237,Marketing
STAFF-1238,Medical
STAFF-1239,Life Sciences
STAFF-1240,Life Sciences
STAFF-1241,Technical Degree
STAFF-1242,Medical
STAFF-1243,Medical
STAFF-1244,Technical Degree
STAFF-1245,Life Sciences
STAFF-1246,Life Sciences
STAFF-1247,Life Sciences
STAFF-1248,Marketing
STAFF-1249,Medical
STAFF-1250,Marketing
STAFF-1251,Marketing
STAFF-1252,Life Sciences
STAFF-1253,Life Sciences
STAFF-1254,Life Sciences
STAFF-1255,Marketing
STAFF-1256,Medical
STAFF-1257,Marketing
STAFF-1258,Medical
STAFF-1259,Medical
STAFF-1260,Other
STAFF-1261,Life Sciences
STAFF-1262,Medical
STAFF-1263,Marketing
STAFF-1264,Marketing
STAFF-1265,Life Sciences
STAFF-1266,Other
STAFF-1267,Medical
STAFF-1268,Technical Degree
STAFF-1269,Life Sciences
STAFF-1270,Life Sciences
STAFF-1271,Life Sciences
STAFF-1272,Medical
STAFF-1273,Life Sciences
STAFF-1274,Medical
STAFF-1275,Medical
STAFF-1276,Other
STAFF-1277,Life Sciences
STAFF-1278,Life Sciences
STAFF-1279,Medical
STAFF-1280,Life Sciences
STAFF-1281,Life Sciences
STAFF-1282,Medical
STAFF-1283,Life Sciences
STAFF-1284,Medical
STAFF-1285,Medical
STAFF-1286,Medical
STAFF-1287,Life Sciences
STAFF-1288,Marketing
STAFF-1289,Medical
STAFF-1290,Life Sciences
STAFF-1291,Medical
STAFF-1292,Technical Degree
STAFF-1293,Medical
STAFF-1294,Life Sciences
STAFF-1295,Medical
STAFF-1296,Marketing
STAFF-1297,Life Sciences
STAFF-1298,Medical
STAFF-1299,Life Sciences
STAFF-1300,Life Sciences
STAFF-1301,Human Resources
STAFF-1302,Other
STAFF-1303,Life Sciences
STAFF-1304,Other
STAFF-1305,Life Sciences
STAFF-1306,Medical
STAFF-1307,Life Sciences
STAFF-1308,Life Sciences
STAFF-1309,Medical
STAFF-1310,Medical
STAFF-1311,Medical
STAFF-1312,Life Sciences
STAFF-1313,Life Sciences
STAFF-1314,Human Resources
STAFF-1315,Medical
STAFF-1316,Medical
STAFF-1317,Life Sciences
STAFF-1318,Other
STAFF-1319,Medical
STAFF-1320,Life Sciences
STAFF-1321,Medical
STAFF-1322,Life Sciences
STAFF-1323,Other
STAFF-1324,Life Sciences
STAFF-1325,Medical
STAFF-1326,Technical Degree
STAFF-1327,Medical
STAFF-1328,Medical
STAFF-1329,Medical
STAFF-1330,Life Sciences
STAFF-1331,Medical
STAFF-1332,Life Sciences
STAFF-1333,Marketing
STAFF-1334,Technical Degree
STAFF-1335,Marketing
STAFF-1336,Medical
STAFF-1337,Life Sciences
STAFF-1338,Medical
STAFF-1339,Life Sciences
STAFF-1340,Medical
STAFF-1341,Life Sciences
STAFF-1342,Medical
STAFF-1343,Medical
STAFF-1344,Technical Degree
STAFF-1345,Life Sciences
STAFF-1346,Medical
STAFF-1347,Life Sciences
STAFF-1348,Life Sciences
STAFF-1349,Life Sciences
STAFF-1350,Medical
STAFF-1351,Medical
STAFF-1352,Medical
STAFF-1353,Medical
STAFF-1354,Marketing
STAFF-1355,Life Sciences
STAFF-1356,Marketing
STAFF-1357,Life Sciences
STAFF-1358,Life Sciences
STAFF-1359,Life Sciences
STAFF-1360,Technical Degree
STAFF-1361,Medical
STAFF-1362,Medical
STAFF-1363,Marketing
STAFF-1364,Human Resources
STAFF-1365,Life Sciences
STAFF-1366,Life Sciences
STAFF-1367,Medical
STAFF-1368,Life Sciences
STAFF-1369,Life Sciences
STAFF-1370,Medical
STAFF-1371,Life Sciences
STAFF-1372,Life Sciences
STAFF-1373,Medical
STAFF-1374,Medical
STAFF-1375,Medical
STAFF-1376,Technical Degree
STAFF-1377,Life Sciences
STAFF-1378,Life Sciences
STAFF-1379,Life Sciences
STAFF-1380,Technical Degree
STAFF-1381,Medical
STAFF-1382,Medical
STAFF-1383,Medical
STAFF-1384,Life Sciences
STAFF-1385,Other
STAFF-1386,Marketing
STAFF-1387,Technical Degree
STAFF-1388,Marketing
STAFF-1389,Medical
STAFF-1390,Life Sciences
STAFF-1391,Life Sciences
STAFF-1392,Medical
STAFF-1393,Other
STAFF-1394,Other
STAFF-1395,Marketing
STAFF-1396,Medical
STAFF-1397,Life Sciences
STAFF-1398,Medical
STAFF-1399,Technical Degree
STAFF-1400,Life Sciences
STAFF-1401,Human Resources
STAFF-1402,Human Resources
STAFF-1403,Life Sciences
STAFF-1404,Life Sciences
STAFF-1405,Technical Degree
STAFF-1406,Life Sciences
STAFF-1407,Technical Degree
STAFF-1408,Technical Degree
STAFF-1409,Life Sciences
STAFF-1410,Marketing
STAFF-1411,Life Sciences
STAFF-1412,Medical
STAFF-1413,Life Sciences
STAFF-1414,Life Sciences
STAFF-1415,Technical Degree
STAFF-1416,Marketing
STAFF-1417,Technical Degree
STAFF-1418,Human Resources
STAFF-1419,Human Resources
STAFF-1420,Technical Degree
STAFF-1421,Technical Degree
STAFF-1422,Medical
STAFF-1423,Technical Degree
STAFF-1424,Life Sciences
STAFF-1425,Life Sciences
STAFF-1426,Medical
STAFF-1427,Life Sciences
STAFF-1428,Marketing
STAFF-1429,Life Sciences
STAFF-1430,Medical
STAFF-1431,Life Sciences
STAFF-1432,Marketing
STAFF-1433,Life Sciences
STAFF-1434,Marketing
STAFF-1435,Medical
STAFF-1436,Life Sciences
STAFF-1437,Other
STAFF-1438,Medical
STAFF-1439,Medical
STAFF-1440,Medical
STAFF-1441,Life Sciences
STAFF-1442,Medical
STAFF-1443,Marketing
STAFF-1444,Medical
STAFF-1445,Life Sciences
STAFF-1446,Technical Degree
STAFF-1447,Medical
STAFF-1448,Marketing
STAFF-1449,Human Resources
STAFF-1450,Medical
STAFF-1451,Medical
STAFF-1452,Life Sciences
STAFF-1453,Medical
STAFF-1454,Marketing
STAFF-1455,Medical
STAFF-1456,Marketing
STAFF-1457,Life Sciences
STAFF-1458,Marketing
STAFF-1459,Life Sciences
STAFF-1460,Medical
STAFF-1461,Life Sciences
STAFF-1462,Life Sciences
STAFF-1463,Life Sciences
STAFF-1464,Medical
STAFF-1465,Life Sciences
STAFF-1466,Technical Degree
STAFF-1467,Life Sciences
STAFF-1468,Other
STAFF-1469,Life Sciences
STAFF-1470,Life Sciences
STAFF-1471,Medical
STAFF-1472,Life Sciences
STAFF-1473,Life Sciences
STAFF-1474,Other
STAFF-1475,Life Sciences
STAFF-1476,Life Sciences
STAFF-1477,Life Sciences
STAFF-1478,Medical
STAFF-1479,Other
STAFF-1480,Life Sciences
STAFF-1481,Marketing
STAFF-1482,Medical
STAFF-1483,Marketing
STAFF-1484,Medical
STAFF-1485,Other
STAFF-1486,Medical
STAFF-1487,Technical Degree
STAFF-1488,Medical
STAFF-1489,Medical
STAFF-1490,Marketing
STAFF-1491,Marketing
STAFF-1492,Life Sciences
STAFF-1493,Life Sciences
STAFF-1494,Other
STAFF-1495,Life Sciences
STAFF-1496,Life Sciences
STAFF-1497,Life Sciences
STAFF-1498,Medical
STAFF-1499,Technical Degree
STAFF-1500,Marketing
STAFF-1501,Life Sciences
STAFF-1502,Marketing
STAFF-1503,Life Sciences
STAFF-1504,Life Sciences
STAFF-1505,Technical Degree
STAFF-1506,Marketing
STAFF-1507,Medical
STAFF-1508,Marketing
STAFF-1509,Life Sciences
STAFF-1510,Life Sciences
STAFF-1511,Medical
STAFF-1512,Life Sciences
STAFF-1513,Life Sciences
STAFF-1514,Medical
STAFF-1515,Life Sciences
STAFF-1516,Medical
STAFF-1517,Life Sciences
STAFF-1518,Technical Degree
STAFF-1519,Medical
STAFF-1520,Life Sciences
STAFF-1521,Life Sciences
STAFF-1522,Medical
STAFF-1523,Medical
STAFF-1524,Life Sciences
STAFF-1525,Life Sciences
STAFF-1526,Medical
STAFF-1527,Life Sciences
STAFF-1528,Life Sciences
STAFF-1529,Life Sciences
STAFF-1530,Marketing
STAFF-1531,Other
STAFF-1532,Medical
STAFF-1533,Medical
STAFF-1534,Life Sciences
STAFF-1535,Medical
STAFF-1536,Life Sciences
STAFF-1537,Medical
STAFF-1538,Medical
STAFF-1539,Life Sciences
STAFF-1540,Technical Degree
STAFF-1541,Life Sciences
STAFF-1542,Life Sciences
STAFF-1543,Medical
STAFF-1544,Life Sciences
STAFF-1545,Marketing
STAFF-1546,Medical
STAFF-1547,Medical
STAFF-1548,Medical
STAFF-1549,Technical Degree
STAFF-1550,Other
STAFF-1551,Medical
STAFF-1552,Medical
STAFF-1553,Medical
STAFF-1554,Human Resources
STAFF-1555,Life Sciences
STAFF-1556,Life Sciences
STAFF-1557,Other
STAFF-1558,Life Sciences
STAFF-1559,Human Resources
STAFF-1560,Life Sciences
STAFF-1561,Marketing
STAFF-1562,Medical
STAFF-1563,Medical
STAFF-1564,Medical
STAFF-1565,Life Sciences
STAFF-1566,Human Resources
STAFF-1567,Life Sciences
STAFF-1568,Life Sciences
STAFF-1569,Life Sciences
STAFF-1570,Medical
STAFF-1571,Technical Degree
STAFF-1572,Life Sciences
STAFF-1573,Life Sciences
STAFF-1574,Life Sciences
STAFF-1575,Marketing
STAFF-1576,Life Sciences
STAFF-1577,Life Sciences
STAFF-1578,Life Sciences
STAFF-1579,Other
STAFF-1580,Medical
STAFF-1581,Marketing
STAFF-1582,Technical Degree
STAFF-1583,Medical
STAFF-1584,Medical
STAFF-1585,Marketing
STAFF-1586,Life Sciences
STAFF-1587,Life Sciences
STAFF-1588,Life Sciences
STAFF-1589,Medical
STAFF-1590,Life Sciences
STAFF-1591,Life Sciences
STAFF-1592,Life Sciences
STAFF-1593,Human Resources
STAFF-1594,Medical
STAFF-1595,Medical
STAFF-1596,Technical Degree
STAFF-1597,Life Sciences
STAFF-1598,Medical
STAFF-1599,Technical Degree
STAFF-1600,Medical
STAFF-1601,Life Sciences
STAFF-1602,Life Sciences
STAFF-1603,Medical
STAFF-1604,Medical
STAFF-1605,Marketing
STAFF-1606,Marketing
STAFF-1607,Life Sciences
STAFF-1608,Marketing
STAFF-1609,Technical Degree
STAFF-1610,Medical
STAFF-1611,Medical
STAFF-1612,Marketing
STAFF-1613,Marketing
STAFF-1614,Medical
STAFF-1615,Medical
STAFF-1616,Medical
STAFF-1617,Life Sciences
STAFF-1618,Medical
STAFF-1619,Life Sciences
STAFF-1620,Life Sciences
STAFF-1621,Life Sciences
STAFF-1622,Life Sciences
STAFF-1623,Life Sciences
STAFF-1624,Technical Degree
STAFF-1625,Technical Degree
STAFF-1626,Medical
STAFF-1627,Medical
STAFF-1628,Life Sciences
STAFF-1629,Life Sciences
STAFF-1630,Life Sciences
STAFF-1631,Life Sciences
STAFF-1632,Marketing
STAFF-1633,Life Sciences
STAFF-1634,Medical
STAFF-1635,Medical
STAFF-1636,Marketing
STAFF-1637,Medical
STAFF-1638,Medical
STAFF-1639,Medical
STAFF-1640,Medical
STAFF-1641,Medical
STAFF-1642,Life Sciences
STAFF-1643,Medical
STAFF-1644,Life Sciences
STAFF-1645,Medical
STAFF-1646,Life Sciences
STAFF-1647,Medical
STAFF-1648,Medical
STAFF-1649,Life Sciences
STAFF-1650,Medical
STAFF-1651,Medical
STAFF-1652,Life Sciences
STAFF-1653,Technical Degree
STAFF-1654,Technical Degree
STAFF-1655,Life Sciences
STAFF-1656,Medical
STAFF-1657,Medical
STAFF-1658,Medical
STAFF-1659,Marketing
STAFF-1660,Life Sciences
STAFF-1661,Medical
STAFF-1662,Life Sciences
STAFF-1663,Medical
STAFF-1664,Medical
STAFF-1665,Life Sciences
STAFF-1666,Life Sciences
STAFF-1667,Life Sciences
STAFF-1668,Technical Degree
STAFF-1669,Life Sciences
STAFF-1670,Marketing
STAFF-1671,Technical Degree
STAFF-1672,Medical
STAFF-1673,Marketing
STAFF-1674,Life Sciences
STAFF-1675,Medical
STAFF-1676,Other
STAFF-1677,Life Sciences
STAFF-1678,Medical
STAFF-1679,Life Sciences
STAFF-1680,Marketing
STAFF-1681,Medical
STAFF-1682,Marketing
STAFF-1683,Medical
STAFF-1684,Life Sciences
STAFF-1685,Technical Degree
STAFF-1686,Medical
STAFF-1687,Medical
STAFF-1688,Medical
STAFF-1689,Marketing
STAFF-1690,Life Sciences
STAFF-1691,Life Sciences
STAFF-1692,Life Sciences
STAFF-1693,Life Sciences
STAFF-1694,Medical
STAFF-1695,Marketing
STAFF-1696,Life Sciences
STAFF-1697,Technical Degree
STAFF-1698,Other
STAFF-1699,Medical
STAFF-1700,Life Sciences
STAFF-1701,Life Sciences
STAFF-1702,Medical
STAFF-1703,Life Sciences
STAFF-1704,Medical
STAFF-1705,Technical Degree
STAFF-1706,Life Sciences
STAFF-1707,Life Sciences
STAFF-1708,Marketing
STAFF-1709,Life Sciences
STAFF-1710,Medical
STAFF-1711,Medical
STAFF-1712,Life Sciences
STAFF-1713,Medical
STAFF-1714,Life Sciences
STAFF-1715,Life Sciences
STAFF-1716,Technical Degree
STAFF-1717,Technical Degree
STAFF-1718,Life Sciences
STAFF-1719,Medical
STAFF-1720,Medical
STAFF-1721,Life Sciences
STAFF-1722,Medical
STAFF-1723,Life Sciences
STAFF-1724,Medical
STAFF-1725,Life Sciences
STAFF-1726,Medical
STAFF-1727,Medical
STAFF-1728,Medical
STAFF-1729,Medical
STAFF-1730,Life Sciences
STAFF-1731,Medical
STAFF-1732,Life Sciences
STAFF-1733,Life Sciences
STAFF-1734,Medical
STAFF-1735,Life Sciences
STAFF-1736,Life Sciences
STAFF-1737,Technical Degree
STAFF-1738,Medical
STAFF-1739,Life Sciences
STAFF-1740,Life Sciences
STAFF-1741,Life Sciences
STAFF-1742,Medical
STAFF-1743,Life Sciences
STAFF-1744,Life Sciences
STAFF-1745,Technical Degree
STAFF-1746,Marketing
STAFF-1747,Marketing
STAFF-1748,Medical
STAFF-1749,Marketing
STAFF-1750,Life Sciences
STAFF-1751,Marketing
STAFF-1752,Life Sciences
STAFF-1753,Medical
STAFF-1754,Life Sciences
STAFF-1755,Medical
STAFF-1756,Medical
STAFF-1757,Technical Degree
STAFF-1758,Medical
STAFF-1759,Life Sciences
STAFF-1760,Life Sciences
STAFF-1761,Life Sciences
STAFF-1762,Life Sciences
STAFF-1763,Technical Degree
STAFF-1764,Human Resources
STAFF-1765,Life Sciences
STAFF-1766,Life Sciences
STAFF-1767,Life Sciences
STAFF-1768,Medical
STAFF-1769,Life Sciences
STAFF-1770,Technical Degree
STAFF-1771,Medical
STAFF-1772,Life Sciences
STAFF-1773,Technical Degree
STAFF-1774,Life Sciences
STAFF-1775,Marketing
STAFF-1776,Medical
STAFF-1777,Medical
STAFF-1778,Medical
STAFF-1779,Life Sciences
STAFF-1780,Medical
STAFF-1781,Medical
STAFF-1782,Marketing
STAFF-1783,Life Sciences
STAFF-1784,Life Sciences
STAFF-1785,Marketing
STAFF-1786,Life Sciences
STAFF-1787,Life Sciences
STAFF-1788,Other
STAFF-1789,Medical
STAFF-1790,Other
STAFF-1791,Other
STAFF-1792,Marketing
STAFF-1793,Marketing
STAFF-1794,Medical
STAFF-1795,Life Sciences
STAFF-1796,Medical
STAFF-1797,Marketing
STAFF-1798,Technical Degree
STAFF-1799,Life Sciences
STAFF-1800,Medical
STAFF-1801,Medical
STAFF-1802,Life Sciences
STAFF-1803,Life Sciences
STAFF-1804,Technical Degree
STAFF-1805,Medical
STAFF-1806,Medical
STAFF-1807,Medical
STAFF-1808,Technical Degree
STAFF-1809,Life Sciences
STAFF-1810,Other
STAFF-1811,Technical Degree
STAFF-1812,Medical
STAFF-1813,Medical
STAFF-1814,Medical
STAFF-1815,Life Sciences
STAFF-1816,Medical
STAFF-1817,Marketing
STAFF-1818,Medical
STAFF-1819,Medical
STAFF-1820,Marketing
STAFF-1821,Technical Degree
STAFF-1822,Marketing
STAFF-1823,Life Sciences
STAFF-1824,Life Sciences
STAFF-1825,Life Sciences
STAFF-1826,Life Sciences
STAFF-1827,Medical
STAFF-1828,Life Sciences
STAFF-1829,Other
STAFF-1830,Life Sciences
STAFF-1831,Life Sciences
STAFF-1832,Marketing
STAFF-1833,Life Sciences
STAFF-1834,Marketing
STAFF-1835,Technical Degree
STAFF-1836,Technical Degree
STAFF-1837,Medical
STAFF-1838,Medical
STAFF-1839,Technical Degree
STAFF-1840,Life Sciences
STAFF-1841,Marketing
STAFF-1842,Life Sciences
STAFF-1843,Life Sciences
STAFF-1844,Life Sciences
STAFF-1845,Medical
STAFF-1846,Medical
STAFF-1847,Marketing
STAFF-1848,Medical
STAFF-1849,Medical
STAFF-1850,Other
STAFF-1851,Life Sciences
STAFF-1852,Medical
STAFF-1853,Life Sciences
STAFF-1854,Life Sciences
STAFF-1855,Life Sciences
STAFF-1856,Technical Degree
STAFF-1857,Marketing
STAFF-1858,Medical
STAFF-1859,Medical
STAFF-1860,Medical
STAFF-1861,Life Sciences
STAFF-1862,Life Sciences
STAFF-1863,Life Sciences
STAFF-1864,Life Sciences
STAFF-1865,Life Sciences
STAFF-1866,Medical
STAFF-1867,Technical Degree
STAFF-1868,Technical Degree
STAFF-1869,Marketing
STAFF-1870,Life Sciences
STAFF-1871,Life Sciences
STAFF-1872,Life Sciences
STAFF-1873,Life Sciences
STAFF-1874,Medical
STAFF-1875,Technical Degree
STAFF-1876,Technical Degree
STAFF-1877,Other
STAFF-1878,Marketing
STAFF-1879,Life Sciences
STAFF-1880,Medical
STAFF-1881,Marketing
STAFF-1882,Medical
STAFF-1883,Life Sciences
STAFF-1884,Life Sciences
STAFF-1885,Life Sciences
STAFF-1886,Life Sciences
STAFF-1887,Marketing
STAFF-1888,Life Sciences
STAFF-1889,Medical
STAFF-1890,Medical
STAFF-1891,Marketing
STAFF-1892,Life Sciences
STAFF-1893,Life Sciences
STAFF-1894,Human Resources
STAFF-1895,Other
STAFF-1896,Medical
STAFF-1897,Technical Degree
STAFF-1898,Marketing
STAFF-1899,Life Sciences
STAFF-1900,Life Sciences
STAFF-1901,Marketing
STAFF-1902,Life Sciences
STAFF-1903,Life Sciences
STAFF-1904,Life Sciences
STAFF-1905,Medical
STAFF-1906,Other
STAFF-1907,Life Sciences
STAFF-1908,Technical Degree
STAFF-1909,Medical
STAFF-1910,Life Sciences
STAFF-1911,Marketing
STAFF-1912,Other
STAFF-1913,Other
STAFF-1914,Medical
STAFF-1915,Medical
STAFF-1916,Life Sciences
STAFF-1917,Technical Degree
STAFF-1918,Technical Degree
STAFF-1919,Medical
STAFF-1920,Life Sciences
STAFF-1921,Medical
STAFF-1922,Technical Degree
STAFF-1923,Other
STAFF-1924,Medical
STAFF-1925,Medical
STAFF-1926,Life Sciences
STAFF-1927,Life Sciences
STAFF-1928,Medical
STAFF-1929,Marketing
STAFF-1930,Other
STAFF-1931,Medical
STAFF-1932,Medical
STAFF-1933,Life Sciences
STAFF-1934,Life Sciences
STAFF-1935,Life Sciences
STAFF-1936,Medical
STAFF-1937,Other
STAFF-1938,Medical
STAFF-1939,Medical
STAFF-1940,Marketing
STAFF-1941,Life Sciences
STAFF-1942,Life Sciences
STAFF-1943,Other
STAFF-1944,Life Sciences
STAFF-1945,Medical
STAFF-1946,Life Sciences
STAFF-1947,Life Sciences
STAFF-1948,Technical Degree
STAFF-1949,Marketing
STAFF-1950,Technical Degree
STAFF-1951,Other
STAFF-1952,Medical
STAFF-1953,Marketing
STAFF-1954,Life Sciences
STAFF-1955,Medical
STAFF-1956,Medical
STAFF-1957,Life Sciences
STAFF-1958,Life Sciences
STAFF-1959,Life Sciences
STAFF-1960,Other
STAFF-1961,Medical
STAFF-1962,Life Sciences
STAFF-1963,Life Sciences
STAFF-1964,Medical
STAFF-1965,Medical
STAFF-1966,Medical
STAFF-1967,Medical
STAFF-1968,Life Sciences
STAFF-1969,Life Sciences
STAFF-1970,Medical
STAFF-1971,Life Sciences
STAFF-1972,Marketing
STAFF-1973,Life Sciences
STAFF-1974,Marketing
STAFF-1975,Medical
STAFF-1976,Life Sciences
STAFF-1977,Medical
STAFF-1978,Medical
STAFF-1979,Life Sciences
STAFF-1980,Technical Degree
STAFF-1981,Marketing
STAFF-1982,Technical Degree
STAFF-1983,Life Sciences
STAFF-1984,Life Sciences
STAFF-1985,Life Sciences
STAFF-1986,Marketing
STAFF-1987,Life Sciences
STAFF-1988,Life Sciences
STAFF-1989,Human Resources
STAFF-1990,Marketing
STAFF-1991,Life Sciences
STAFF-1992,Human Resources
STAFF-1993,Marketing
STAFF-1994,Life Sciences
STAFF-1995,Life Sciences
STAFF-1996,Life Sciences
STAFF-1997,Medical
STAFF-1998,Medical
STAFF-1999,Marketing
STAFF-2000,Life Sciences
STAFF-2001,Medical
STAFF-2002,Life Sciences
STAFF-2003,Medical
STAFF-2004,Medical
STAFF-2005,Human Resources
STAFF-2006,Medical
STAFF-2007,Medical
STAFF-2008,Medical
STAFF-2009,Marketing
STAFF-2010,Life Sciences
STAFF-2011,Life Sciences
STAFF-2012,Life Sciences
STAFF-2013,Medical
STAFF-2014,Life Sciences
STAFF-2015,Marketing
STAFF-2016,Other
STAFF-2017,Medical
STAFF-2018,Technical Degree
STAFF-2019,Medical
STAFF-2020,Life Sciences
STAFF-2021,Other
STAFF-2022,Medical
STAFF-2023,Life Sciences
STAFF-2024,Medical
STAFF-2025,Life Sciences
STAFF-2026,Medical
STAFF-2027,Technical Degree
STAFF-2028,Life Sciences
STAFF-2029,Medical
STAFF-2030,Marketing
STAFF-2031,Life Sciences
STAFF-2032,Life Sciences
STAFF-2033,Medical
STAFF-2034,Life Sciences
STAFF-2035,Life Sciences
STAFF-2036,Medical
STAFF-2037,Life Sciences
STAFF-2038,Life Sciences
STAFF-2039,Life Sciences
STAFF-2040,Life Sciences
STAFF-2041,Life Sciences
STAFF-2042,Medical
STAFF-2043,Life Sciences
STAFF-2044,Medical
STAFF-2045,Marketing
STAFF-2046,Other
STAFF-2047,Other
STAFF-2048,Life Sciences
STAFF-2049,Life Sciences
STAFF-2050,Life Sciences
STAFF-2051,Life Sciences
STAFF-2052,Medical
STAFF-2053,Human Resources
STAFF-2054,Life Sciences
STAFF-2055,Medical
STAFF-2056,Medical
STAFF-2057,Life Sciences
STAFF-2058,Life Sciences
STAFF-2059,Life Sciences
STAFF-2060,Life Sciences
STAFF-2061,Marketing
STAFF-2062,Medical
STAFF-2063,Life Sciences
STAFF-2064,Technical Degree
STAFF-2065,Other
STAFF-2066,Marketing
STAFF-2067,Human Resources
STAFF-2068,Medical
STAFF-2069,Medical
STAFF-2070,Marketing
STAFF-2071,Medical
STAFF-2072,Medical
STAFF-2073,Medical
STAFF-2074,Medical
STAFF-2075,Life Sciences
STAFF-2076,Life Sciences
STAFF-2077,Life Sciences
STAFF-2078,Marketing
STAFF-2079,Marketing
STAFF-2080,Medical
STAFF-2081,Medical
STAFF-2082,Marketing
STAFF-2083,Medical
STAFF-2084,Life Sciences
STAFF-2085,Life Sciences
STAFF-2086,Medical
STAFF-2087,Life Sciences
STAFF-2088,Other
STAFF-2089,Life Sciences
STAFF-2090,Life Sciences
STAFF-2091,Life Sciences
STAFF-2092,Marketing
STAFF-2093,Technical Degree
STAFF-2094,Life Sciences
STAFF-2095,Life Sciences
STAFF-2096,Marketing
STAFF-2097,Life Sciences
STAFF-2098,Life Sciences
STAFF-2099,Medical
STAFF-2100,Marketing
STAFF-2101,Technical Degree
STAFF-2102,Medical
STAFF-2103,Life Sciences
STAFF-2104,Life Sciences
STAFF-2105,Marketing
STAFF-2106,Medical
STAFF-2107,Life Sciences
STAFF-2108,Life Sciences
STAFF-2109,Human Resources
STAFF-2110,Life Sciences
STAFF-2111,Medical
STAFF-2112,Life Sciences
STAFF-2113,Medical
STAFF-2114,Life Sciences
STAFF-2115,Life Sciences
STAFF-2116,Medical
STAFF-2117,Other
STAFF-2118,Life Sciences
STAFF-2119,Life Sciences
STAFF-2120,Life Sciences
STAFF-2121,Life Sciences
STAFF-2122,Medical
STAFF-2123,Medical
STAFF-2124,Life Sciences
STAFF-2125,Life Sciences
STAFF-2126,Medical
STAFF-2127,Other
STAFF-2128,Technical Degree
STAFF-2129,Life Sciences
STAFF-2130,Life Sciences
STAFF-2131,Other
STAFF-2132,Medical
STAFF-2133,Marketing
STAFF-2134,Other
STAFF-2135,Technical Degree
STAFF-2136,Life Sciences
STAFF-2137,Marketing
STAFF-2138,Marketing
STAFF-2139,Medical
STAFF-2140,Medical
STAFF-2141,Medical
STAFF-2142,Other
STAFF-2143,Technical Degree
STAFF-2144,Medical
STAFF-2145,Medical
STAFF-2146,Medical
STAFF-2147,Life Sciences
STAFF-2148,Life Sciences
STAFF-2149,Life Sciences
STAFF-2150,Life Sciences
STAFF-2151,Technical Degree
STAFF-2152,Medical
STAFF-2153,Life Sciences
STAFF-2154,Technical Degree
STAFF-2155,Medical
STAFF-2156,Other
STAFF-2157,Technical Degree
STAFF-2158,Life Sciences
STAFF-2159,Life Sciences
STAFF-2160,Life Sciences
STAFF-2161,Medical
STAFF-2162,Technical Degree
STAFF-2163,Medical
STAFF-2164,Life Sciences
STAFF-2165,Life Sciences
STAFF-2166,Life Sciences
STAFF-2167,Medical
STAFF-2168,Medical
STAFF-2169,Other
STAFF-2170,Medical
STAFF-2171,Technical Degree
STAFF-2172,Life Sciences
STAFF-2173,Life Sciences
STAFF-2174,Life Sciences
STAFF-2175,Life Sciences
STAFF-2176,Medical
STAFF-2177,Medical
STAFF-2178,Medical
STAFF-2179,Other
STAFF-2180,Life Sciences
STAFF-2181,Life Sciences
STAFF-2182,Technical Degree
STAFF-2183,Medical
STAFF-2184,Life Sciences
STAFF-2185,Medical
STAFF-2186,Medical
STAFF-2187,Medical
STAFF-2188,Life Sciences
STAFF-2189,Life Sciences
STAFF-2190,Life Sciences
STAFF-2191,Medical
STAFF-2192,Life Sciences
STAFF-2193,Life Sciences
STAFF-2194,Other
STAFF-2195,Marketing
STAFF-2196,Life Sciences
STAFF-2197,Life Sciences
STAFF-2198,Medical
STAFF-2199,Medical
STAFF-2200,Life Sciences
STAFF-2201,Life Sciences
STAFF-2202,Medical
STAFF-2203,Marketing
STAFF-2204,Medical
STAFF-2205,Life Sciences
STAFF-2206,Life Sciences
STAFF-2207,Medical
STAFF-2208,Life Sciences
STAFF-2209,Life Sciences
STAFF-2210,Medical
STAFF-2211,Marketing
STAFF-2212,Technical Degree
STAFF-2213,Medical
STAFF-2214,Marketing
STAFF-2215,Other
STAFF-2216,Life Sciences
STAFF-2217,Life Sciences
STAFF-2218,Medical
STAFF-2219,Other
STAFF-2220,Medical
STAFF-2221,Other
STAFF-2222,Marketing
STAFF-2223,Medical
STAFF-2224,Medical
STAFF-2225,Life Sciences
STAFF-2226,Medical
STAFF-2227,Medical
STAFF-2228,Medical
STAFF-2229,Medical
STAFF-2230,Marketing
STAFF-2231,Life Sciences
STAFF-2232,Life Sciences
STAFF-2233,Life Sciences
STAFF-2234,Technical Degree
STAFF-2235,Medical
STAFF-2236,Other
STAFF-2237,Technical Degree
STAFF-2238,Life Sciences
STAFF-2239,Technical Degree
STAFF-2240,Life Sciences
STAFF-2241,Life Sciences
STAFF-2242,Other
STAFF-2243,Medical
STAFF-2244,Life Sciences
STAFF-2245,Technical Degree
STAFF-2246,Medical
STAFF-2247,Life Sciences
STAFF-2248,Life Sciences
STAFF-2249,Life Sciences
STAFF-2250,Technical Degree
STAFF-2251,Medical
STAFF-2252,Medical
STAFF-2253,Medical
STAFF-2254,Medical
STAFF-2255,Other
STAFF-2256,Life Sciences
STAFF-2257,Life Sciences
STAFF-2258,Medical
STAFF-2259,Life Sciences
STAFF-2260,Life Sciences
STAFF-2261,Marketing
STAFF-2262,Life Sciences
STAFF-2263,Medical
STAFF-2264,Marketing
STAFF-2265,Marketing
STAFF-2266,Life Sciences
STAFF-2267,Life Sciences
STAFF-2268,Medical
STAFF-2269,Technical Degree
STAFF-2270,Life Sciences
STAFF-2271,Life Sciences
STAFF-2272,Life Sciences
STAFF-2273,Life Sciences
STAFF-2274,Marketing
STAFF-2275,Technical Degree
STAFF-2276,Life Sciences
STAFF-2277,Life Sciences
STAFF-2278,Medical
STAFF-2279,Medical
STAFF-2280,Human Resources
STAFF-2281,Life Sciences
STAFF-2282,Medical
STAFF-2283,Marketing
STAFF-2284,Life Sciences
STAFF-2285,Medical
STAFF-2286,Medical
STAFF-2287,Life Sciences
STAFF-2288,Life Sciences
STAFF-2289,Technical Degree
STAFF-2290,Life Sciences
STAFF-2291,Medical
STAFF-2292,Life Sciences
STAFF-2293,Marketing
STAFF-2294,Medical
STAFF-2295,Medical
STAFF-2296,Life Sciences
STAFF-2297,Medical
STAFF-2298,Marketing
STAFF-2299,Medical
STAFF-2300,Life Sciences
STAFF-2301,Medical
STAFF-2302,Other
STAFF-2303,Marketing
STAFF-2304,Life Sciences
STAFF-2305,Technical Degree
STAFF-2306,Medical
STAFF-2307,Life Sciences
STAFF-2308,Medical
STAFF-2309,Life Sciences
STAFF-2310,Life Sciences
STAFF-2311,Life Sciences
STAFF-2312,Medical
STAFF-2313,Life Sciences
STAFF-2314,Life Sciences
STAFF-2315,Marketing
STAFF-2316,Life Sciences
STAFF-2317,Human Resources
STAFF-2318,Life Sciences
STAFF-2319,Life Sciences
STAFF-2320,Medical
STAFF-2321,Medical
STAFF-2322,Medical
STAFF-2323,Life Sciences
STAFF-2324,Life Sciences
STAFF-2325,Life Sciences
STAFF-2326,Medical
STAFF-2327,Life Sciences
STAFF-2328,Life Sciences
STAFF-2329,Other
STAFF-2330,Marketing
STAFF-2331,Technical Degree
STAFF-2332,Medical
STAFF-2333,Marketing
STAFF-2334,Other
STAFF-2335,Life Sciences
STAFF-2336,Technical Degree
STAFF-2337,Medical
STAFF-2338,Technical Degree
STAFF-2339,Life Sciences
STAFF-2340,Medical
STAFF-2341,Medical
STAFF-2342,Marketing
STAFF-2343,Life Sciences
STAFF-2344,Life Sciences
STAFF-2345,Life Sciences
STAFF-2346,Medical
STAFF-2347,Life Sciences
STAFF-2348,Life Sciences
STAFF-2349,Medical
STAFF-2350,Medical
STAFF-2351,Life Sciences
STAFF-2352,Life Sciences
STAFF-2353,Medical
STAFF-2354,Technical Degree
STAFF-2355,Technical Degree
STAFF-2356,Life Sciences
STAFF-2357,Life Sciences
STAFF-2358,Life Sciences
STAFF-2359,Life Sciences
STAFF-2360,Technical Degree
STAFF-2361,Marketing
STAFF-2362,Marketing
STAFF-2363,Life Sciences
STAFF-2364,Life Sciences
STAFF-2365,Life Sciences
STAFF-2366,Life Sciences
STAFF-2367,Marketing
STAFF-2368,Medical
STAFF-2369,Life Sciences
STAFF-2370,Marketing
STAFF-2371,Marketing
STAFF-2372,Life Sciences
STAFF-2373,Medical
STAFF-2374,Medical
STAFF-2375,Medical
STAFF-2376,Life Sciences
STAFF-2377,Life Sciences
STAFF-2378,Life Sciences
STAFF-2379,Medical
STAFF-2380,Marketing
STAFF-2381,Life Sciences
STAFF-2382,Medical
STAFF-2383,Life Sciences
STAFF-2384,Medical
STAFF-2385,Medical
STAFF-2386,Technical Degree
STAFF-2387,Technical Degree
STAFF-2388,Medical
STAFF-2389,Medical
STAFF-2390,Medical
STAFF-2391,Medical
STAFF-2392,Life Sciences
STAFF-2393,Life Sciences
STAFF-2394,Medical
STAFF-2395,Technical Degree
STAFF-2396,Technical Degree
STAFF-2397,Life Sciences
STAFF-2398,Life Sciences
STAFF-2399,Life Sciences
STAFF-2400,Marketing
STAFF-2401,Life Sciences
STAFF-2402,Medical
STAFF-2403,Life Sciences
STAFF-2404,Life Sciences
STAFF-2405,Medical
STAFF-2406,Life Sciences
STAFF-2407,Life Sciences
STAFF-2408,Life Sciences
STAFF-2409,Medical
STAFF-2410,Life Sciences
STAFF-2411,Life Sciences
STAFF-2412,Life Sciences
STAFF-2413,Life Sciences
STAFF-2414,Marketing
STAFF-2415,Life Sciences
STAFF-2416,Life Sciences
STAFF-2417,Life Sciences
STAFF-2418,Medical
STAFF-2419,Medical
STAFF-2420,Medical
STAFF-2421,Life Sciences
STAFF-2422,Marketing
STAFF-2423,Life Sciences
STAFF-2424,Medical
STAFF-2425,Technical Degree
STAFF-2426,Life Sciences
STAFF-2427,Medical
STAFF-2428,Life Sciences
STAFF-2429,Marketing
STAFF-2430,Life Sciences
STAFF-2431,Technical Degree
STAFF-2432,Medical
STAFF-2433,Medical
STAFF-2434,Life Sciences
STAFF-2435,Marketing
STAFF-2436,Life Sciences
STAFF-2437,Technical Degree
STAFF-2438,Life Sciences
STAFF-2439,Medical
STAFF-2440,Life Sciences
STAFF-2441,Marketing
STAFF-2442,Life Sciences
STAFF-2443,Life Sciences
STAFF-2444,Life Sciences
STAFF-2445,Marketing
STAFF-2446,Life Sciences
STAFF-2447,Life Sciences
STAFF-2448,Medical
STAFF-2449,Medical
STAFF-2450,Marketing
STAFF-2451,Life Sciences
STAFF-2452,Medical
STAFF-2453,Human Resources
STAFF-2454,Medical
STAFF-2455,Medical
STAFF-2456,Life Sciences
STAFF-2457,Medical
STAFF-2458,Medical
STAFF-2459,Life Sciences
STAFF-2460,Life Sciences
STAFF-2461,Marketing
STAFF-2462,Medical
STAFF-2463,Life Sciences
STAFF-2464,Medical
STAFF-2465,Life Sciences
STAFF-2466,Technical Degree
STAFF-2467,Life Sciences
STAFF-2468,Medical
STAFF-2469,Medical
STAFF-2470,Technical Degree
STAFF-2471,Marketing
STAFF-2472,Marketing
STAFF-2473,Human Resources
STAFF-2474,Life Sciences
STAFF-2475,Medical
STAFF-2476,Medical
STAFF-2477,Life Sciences
STAFF-2478,Life Sciences
STAFF-2479,Technical Degree
STAFF-2480,Life Sciences
STAFF-2481,Other
STAFF-2482,Life Sciences
STAFF-2483,Medical
STAFF-2484,Medical
STAFF-2485,Technical Degree
STAFF-2486,Life Sciences
STAFF-2487,Medical
STAFF-2488,Other
STAFF-2489,Medical
STAFF-2490,Medical
STAFF-2491,Other
STAFF-2492,Life Sciences
STAFF-2493,Life Sciences
STAFF-2494,Life Sciences
STAFF-2495,Other
STAFF-2496,Life Sciences
STAFF-2497,Life Sciences
STAFF-2498,Other
STAFF-2499,Medical
STAFF-2500,Medical
STAFF-2501,Medical
STAFF-2502,Life Sciences
STAFF-2503,Other
STAFF-2504,Life Sciences
STAFF-2505,Medical
STAFF-2506,Life Sciences
STAFF-2507,Life Sciences
STAFF-2508,Other
STAFF-2509,Medical
STAFF-2510,Life Sciences
STAFF-2511,Medical
STAFF-2512,Medical
STAFF-2513,Life Sciences
STAFF-2514,Life Sciences
STAFF-2515,Life Sciences
STAFF-2516,Medical
STAFF-2517,Medical
STAFF-2518,Medical
STAFF-2519,Life Sciences
STAFF-2520,Technical Degree
STAFF-2521,Medical
STAFF-2522,Technical Degree
STAFF-2523,Life Sciences
STAFF-2524,Marketing
STAFF-2525,Life Sciences
STAFF-2526,Life Sciences
STAFF-2527,Marketing
STAFF-2528,Marketing
STAFF-2529,Marketing
STAFF-2530,Medical
STAFF-2531,Life Sciences
STAFF-2532,Marketing
STAFF-2533,Life Sciences
STAFF-2534,Marketing
STAFF-2535,Medical
STAFF-2536,Life Sciences
STAFF-2537,Marketing
STAFF-2538,Marketing
STAFF-2539,Medical
STAFF-2540,Life Sciences
STAFF-2541,Life Sciences
STAFF-2542,Medical
STAFF-2543,Life Sciences
STAFF-2544,Life Sciences
STAFF-2545,Other
STAFF-2546,Life Sciences
STAFF-2547,Marketing
STAFF-2548,Life Sciences
STAFF-2549,Human Resources
STAFF-2550,Human Resources
STAFF-2551,Medical
STAFF-2552,Medical
STAFF-2553,Technical Degree
STAFF-2554,Other
STAFF-2555,Technical Degree
STAFF-2556,Medical
STAFF-2557,Technical Degree
STAFF-2558,Technical Degree
STAFF-2559,Life Sciences
STAFF-2560,Medical
STAFF-2561,Technical Degree
STAFF-2562,Life Sciences
STAFF-2563,Medical
STAFF-2564,Technical Degree
STAFF-2565,Life Sciences
STAFF-2566,Life Sciences
STAFF-2567,Life Sciences
STAFF-2568,Marketing
STAFF-2569,Marketing
STAFF-2570,Life Sciences
STAFF-2571,Human Resources
STAFF-2572,Medical
STAFF-2573,Life Sciences
STAFF-2574,Life Sciences
STAFF-2575,Medical
STAFF-2576,Other
STAFF-2577,Life Sciences
STAFF-2578,Life Sciences
STAFF-2579,Medical
STAFF-2580,Life Sciences
STAFF-2581,Life Sciences
STAFF-2582,Other
STAFF-2583,Medical
STAFF-2584,Technical Degree
STAFF-2585,Life Sciences
STAFF-2586,Medical
STAFF-2587,Life Sciences
STAFF-2588,Medical
STAFF-2589,Life Sciences
STAFF-2590,Medical
STAFF-2591,Medical
STAFF-2592,Medical
STAFF-2593,Life Sciences
STAFF-2594,Other
STAFF-2595,Marketing
STAFF-2596,Other
STAFF-2597,Medical
STAFF-2598,Other
STAFF-2599,Life Sciences
STAFF-2600,Technical Degree
STAFF-2601,Life Sciences
STAFF-2602,Life Sciences
STAFF-2603,Life Sciences
STAFF-2604,Medical
STAFF-2605,Medical
STAFF-2606,Life Sciences
STAFF-2607,Technical Degree
STAFF-2608,Life Sciences
STAFF-2609,Medical
STAFF-2610,Life Sciences
STAFF-2611,Life Sciences
STAFF-2612,Other
STAFF-2613,Medical
STAFF-2614,Technical Degree
STAFF-2615,Medical
STAFF-2616,Technical Degree
STAFF-2617,Other
STAFF-2618,Life Sciences
STAFF-2619,Medical
STAFF-2620,Life Sciences
STAFF-2621,Life Sciences
STAFF-2622,Medical
STAFF-2623,Medical
STAFF-2624,Life Sciences
STAFF-2625,Medical
STAFF-2626,Life Sciences
STAFF-2627,Technical Degree
STAFF-2628,Life Sciences
STAFF-2629,Technical Degree
STAFF-2630,Technical Degree
STAFF-2631,Medical
STAFF-2632,Medical
STAFF-2633,Medical
STAFF-2634,Technical Degree
STAFF-2635,Life Sciences
STAFF-2636,Life Sciences
STAFF-2637,Life Sciences
STAFF-2638,Life Sciences
STAFF-2639,Medical
STAFF-2640,Life Sciences
STAFF-2641,Medical
STAFF-2642,Life Sciences
STAFF-2643,Life Sciences
STAFF-2644,Medical
STAFF-2645,Medical
STAFF-2646,Life Sciences
STAFF-2647,Life Sciences
STAFF-2648,Life Sciences
STAFF-2649,Technical Degree
STAFF-2650,Life Sciences
STAFF-2651,Life Sciences
STAFF-2652,Medical
STAFF-2653,Life Sciences
STAFF-2654,Life Sciences
STAFF-2655,Life Sciences
STAFF-2656,Medical
STAFF-2657,Medical
STAFF-2658,Medical
STAFF-2659,Life Sciences
STAFF-2660,Medical
STAFF-2661,Life Sciences
STAFF-2662,Life Sciences
STAFF-2663,Life Sciences
STAFF-2664,Medical
STAFF-2665,Life Sciences
STAFF-2666,Life Sciences
STAFF-2667,Medical
STAFF-2668,Life Sciences
STAFF-2669,Life Sciences
STAFF-2670,Medical
STAFF-2671,Life Sciences
STAFF-2672,Life Sciences
STAFF-2673,Medical
STAFF-2674,Other
STAFF-2675,Medical
STAFF-2676,Life Sciences
STAFF-2677,Life Sciences
STAFF-2678,Technical Degree
STAFF-2679,Life Sciences
STAFF-2680,Life Sciences
STAFF-2681,Life Sciences
STAFF-2682,Other
STAFF-2683,Medical
STAFF-2684,Life Sciences
STAFF-2685,Marketing
STAFF-2686,Life Sciences
STAFF-2687,Medical
STAFF-2688,Life Sciences
STAFF-2689,Medical
STAFF-2690,Marketing
STAFF-2691,Medical
STAFF-2692,Life Sciences
STAFF-2693,Life Sciences
STAFF-2694,Technical Degree
STAFF-2695,Medical
STAFF-2696,Medical
STAFF-2697,Technical Degree
STAFF-2698,Life Sciences
STAFF-2699,Life Sciences
STAFF-2700,Life Sciences
STAFF-2701,Marketing
STAFF-2702,Medical
STAFF-2703,Marketing
STAFF-2704,Marketing
STAFF-2705,Life Sciences
STAFF-2706,Life Sciences
STAFF-2707,Life Sciences
STAFF-2708,Marketing
STAFF-2709,Medical
STAFF-2710,Marketing
STAFF-2711,Medical
STAFF-2712,Medical
STAFF-2713,Other
STAFF-2714,Life Sciences
STAFF-2715,Medical
STAFF-2716,Marketing
STAFF-2717,Marketing
STAFF-2718,Life Sciences
STAFF-2719,Other
STAFF-2720,Medical
STAFF-2721,Technical Degree
STAFF-2722,Life Sciences
STAFF-2723,Life Sciences
STAFF-2724,Life Sciences
STAFF-2725,Medical
STAFF-2726,Life Sciences
STAFF-2727,Medical
STAFF-2728,Medical
STAFF-2729,Other
STAFF-2730,Life Sciences
STAFF-2731,Life Sciences
STAFF-2732,Medical
STAFF-2733,Life Sciences
STAFF-2734,Life Sciences
STAFF-2735,Medical
STAFF-2736,Life Sciences
STAFF-2737,Medical
STAFF-2738,Medical
STAFF-2739,Medical
STAFF-2740,Life Sciences
STAFF-2741,Marketing
STAFF-2742,Medical
STAFF-2743,Life Sciences
STAFF-2744,Medical
STAFF-2745,Technical Degree
STAFF-2746,Medical
STAFF-2747,Life Sciences
STAFF-2748,Medical
STAFF-2749,Marketing
STAFF-2750,Life Sciences
STAFF-2751,Medical
STAFF-2752,Life Sciences
STAFF-2753,Life Sciences
STAFF-2754,Human Resources
STAFF-2755,Other
STAFF-2756,Life Sciences
STAFF-2757,Other
STAFF-2758,Life Sciences
STAFF-2759,Medical
STAFF-2760,Life Sciences
STAFF-2761,Life Sciences
STAFF-2762,Medical
STAFF-2763,Medical
STAFF-2764,Medical
STAFF-2765,Life Sciences
STAFF-2766,Life Sciences
STAFF-2767,Human Resources
STAFF-2768,Medical
STAFF-2769,Medical
STAFF-2770,Life Sciences
STAFF-2771,Other
STAFF-2772,Medical
STAFF-2773,Life Sciences
STAFF-2774,Medical
STAFF-2775,Life Sciences
STAFF-2776,Other
STAFF-2777,Life Sciences
STAFF-2778,Medical
STAFF-2779,Technical Degree
STAFF-2780,Medical
STAFF-2781,Medical
STAFF-2782,Medical
STAFF-2783,Life Sciences
STAFF-2784,Medical
STAFF-2785,Life Sciences
STAFF-2786,Marketing
STAFF-2787,Technical Degree
STAFF-2788,Marketing
STAFF-2789,Medical
STAFF-2790,Life Sciences
STAFF-2791,Medical
STAFF-2792,Life Sciences
STAFF-2793,Medical
STAFF-2794,Life Sciences
STAFF-2795,Medical
STAFF-2796,Medical
STAFF-2797,Technical Degree
STAFF-2798,Life Sciences
STAFF-2799,Medical
STAFF-2800,Life Sciences
STAFF-2801,Life Sciences
STAFF-2802,Life Sciences
STAFF-2803,Medical
STAFF-2804,Medical
STAFF-2805,Medical
STAFF-2806,Medical
STAFF-2807,Marketing
STAFF-2808,Life Sciences
STAFF-2809,Marketing
STAFF-2810,Life Sciences
STAFF-2811,Life Sciences
STAFF-2812,Life Sciences
STAFF-2813,Technical Degree
STAFF-2814,Medical
STAFF-2815,Medical
STAFF-2816,Marketing
STAFF-2817,Human Resources
STAFF-2818,Life Sciences
STAFF-2819,Life Sciences
STAFF-2820,Medical
STAFF-2821,Life Sciences
STAFF-2822,Life Sciences
STAFF-2823,Medical
STAFF-2824,Life Sciences
STAFF-2825,Life Sciences
STAFF-2826,Medical
STAFF-2827,Medical
STAFF-2828,Medical
STAFF-2829,Technical Degree
STAFF-2830,Life Sciences
STAFF-2831,Life Sciences
STAFF-2832,Life Sciences
STAFF-2833,Technical Degree
STAFF-2834,Medical
STAFF-2835,Medical
STAFF-2836,Medical
STAFF-2837,Life Sciences
STAFF-2838,Other
STAFF-2839,Marketing
STAFF-2840,Technical Degree
STAFF-2841,Marketing
STAFF-2842,Medical
STAFF-2843,Life Sciences
STAFF-2844,Life Sciences
STAFF-2845,Medical
STAFF-2846,Other
STAFF-2847,Other
STAFF-2848,Marketing
STAFF-2849,Medical
STAFF-2850,Life Sciences
STAFF-2851,Medical
STAFF-2852,Technical Degree
STAFF-2853,Life Sciences
STAFF-2854,Human Resources
STAFF-2855,Human Resources
STAFF-2856,Life Sciences
STAFF-2857,Life Sciences
STAFF-2858,Technical Degree
STAFF-2859,Life Sciences
STAFF-2860,Technical Degree
STAFF-2861,Technical Degree
STAFF-2862,Life Sciences
STAFF-2863,Marketing
STAFF-2864,Life Sciences
STAFF-2865,Medical
STAFF-2866,Life Sciences
STAFF-2867,Life Sciences
STAFF-2868,Technical Degree
STAFF-2869,Marketing
STAFF-2870,Technical Degree
STAFF-2871,Human Resources
STAFF-2872,Human Resources
STAFF-2873,Technical Degree
STAFF-2874,Technical Degree
STAFF-2875,Medical
STAFF-2876,Technical Degree
STAFF-2877,Life Sciences
STAFF-2878,Life Sciences
STAFF-2879,Medical
STAFF-2880,Life Sciences
STAFF-2881,Marketing
STAFF-2882,Life Sciences
STAFF-2883,Medical
STAFF-2884,Life Sciences
STAFF-2885,Marketing
STAFF-2886,Life Sciences
STAFF-2887,Marketing
STAFF-2888,Medical
STAFF-2889,Life Sciences
STAFF-2890,Other
STAFF-2891,Medical
STAFF-2892,Medical
STAFF-2893,Medical
STAFF-2894,Life Sciences
STAFF-2895,Medical
STAFF-2896,Marketing
STAFF-2897,Medical
STAFF-2898,Life Sciences
STAFF-2899,Technical Degree
STAFF-2900,Medical
STAFF-2901,Marketing
STAFF-2902,Human Resources
STAFF-2903,Medical
STAFF-2904,Medical
STAFF-2905,Life Sciences
STAFF-2906,Medical
STAFF-2907,Marketing
STAFF-2908,Medical
STAFF-2909,Marketing
STAFF-2910,Life Sciences
STAFF-2911,Marketing
STAFF-2912,Life Sciences
STAFF-2913,Medical
STAFF-2914,Life Sciences
STAFF-2915,Life Sciences
STAFF-2916,Life Sciences
STAFF-2917,Medical
STAFF-2918,Life Sciences
STAFF-2919,Technical Degree
STAFF-2920,Life Sciences
STAFF-2921,Other
STAFF-2922,Life Sciences
STAFF-2923,Life Sciences
STAFF-2924,Life Sciences
STAFF-2925,Life Sciences
,
,
